# WTM strong-scaling & memory — 2026-08-11, MSI Agate (Rocky 8), groundwater solve only (fsm_on 0)
# build: after = awickert/WTM bdf2-adaptive-dt @446e3d0, Release -O3; solver: -wtm_anderson -snes_stol 1e-6
# allocation: shared (non-exclusive), --mem 32gb; grid 4000x4000 = 16,000,000 cells; reps=2
# strong_speedup / parallel_efficiency are WALL-based vs n=1; kcallaghan not run (--builds after)
# transcribed from the scaling_study.py summary table; see README.md for setup.
build,grid,cells,nranks,rc,snes_iters,wall_s,gw_s,mem_total_gb,mem_max_gb,mem_min_gb,strong_speedup,parallel_efficiency,realized_speedup_vs_kcallaghan
after,4000,16000000,32,0,30,16.6,12.13,12.56,2.47,0.32,7.14,0.223,
after,4000,16000000,16,0,30,19.0,15.00,11.63,2.73,0.58,6.24,0.390,
after,4000,16000000,8,0,30,24.8,20.70,11.00,3.25,1.10,4.76,0.595,
after,4000,16000000,4,0,31,39.8,35.14,10.77,4.29,2.15,2.97,0.743,
after,4000,16000000,2,0,30,62.6,57.71,10.54,6.33,4.21,1.89,0.945,
after,4000,16000000,1,0,30,118.3,109.00,10.77,10.77,10.77,1.00,1.000,
